{
    "links": [
        {
            "dest": "/Users/vinta/.zshrc",
            "src": ".zshrc"
        },
        {
            "dest": "/Users/vinta/.gitconfig",
            "src": ".gitconfig"
        },
        {
            "dest": "/Users/vinta/.gitignore_global",
            "src": ".gitignore_global"
        },
        {
            "dest": "/Users/vinta/.iterm2_shell_integration.zsh",
            "src": ".iterm2_shell_integration.zsh"
        },
        {
            "dest": "/Users/vinta/.iterm2_tab_color.zsh",
            "src": ".iterm2_tab_color.zsh"
        },
        {
            "dest": "/Users/vinta/.mackup.cfg",
            "src": ".mackup.cfg"
        },
        {
            "dest": "/Users/vinta/.pdbrc",
            "src": ".pdbrc"
        },
        {
            "dest": "/Users/vinta/.tmux.conf",
            "src": ".tmux.conf"
        },
        {
            "dest": "/Users/vinta/.tmuxp",
            "src": ".tmuxp"
        }
    ]
}
